Name,GivenName,Surname,AccountName,AccountPassword
Bajs,E,Najs,Kiss,ib)X8S3T=9g(
Poop,Is,Nice,Pee,b6/a#4YY(zO7
Snabbe,Skolkar,Dagligen,Lmao,H3Mb4e!/Xe9)
Jonas,Gillar,Amanda,Ek,x3(#T3L&czN7
Bajs,E,Najs,Kiss,A&99zI6gW!g&
Poop,Is,Nice,Pee,1c/G1JPpp!(2
Snabbe,Skolkar,Dagligen,Lmao,D09xK#R=2#np
Jonas,Gillar,Amanda,Ek,v42PG=Td)9/v
Bajs,E,Najs,Kiss,7)y1dRF#3d!O
Poop,Is,Nice,Pee,xbgVI9)C49#&
Snabbe,Skolkar,Dagligen,Lmao,1eoZMK=##7p7
Jonas,Gillar,Amanda,Ek,y8#r)L5nL/W7
Bajs,E,Najs,Kiss,gO7K=%0/0Nrp
Poop,Is,Nice,Pee,Lk(7ZF4a&1z)
Snabbe,Skolkar,Dagligen,Lmao,%VL7t#Y4!o2t
Jonas,Gillar,Amanda,Ek,0mjV#G3W!8k#
Bajs,E,Najs,Kiss,m%=95k0OOJc&
Poop,Is,Nice,Pee,s4BX=1!/5ddO
Snabbe,Skolkar,Dagligen,Lmao,#039KPiawI&(
Jonas,Gillar,Amanda,Ek,78=8Ub/mZ&Fj
Bajs,E,Najs,Kiss,&8CM40jxvU&=
Poop,Is,Nice,Pee,G81(Qq&yE9&b
Snabbe,Skolkar,Dagligen,Lmao,E/H#22ntS(l8
Jonas,Gillar,Amanda,Ek,8E1)&4c/QcAo
Bajs,E,Najs,Kiss,gl)K)/FhN119
Poop,Is,Nice,Pee,15/P)1fa(LuP
Snabbe,Skolkar,Dagligen,Lmao,!QbP9/g&7mF1
Jonas,Gillar,Amanda,Ek,i6B#N&q62Lp/
Bajs,E,Najs,Kiss,X9UYz9ne(&/6
Poop,Is,Nice,Pee,88E!g&o&p7QN
Snabbe,Skolkar,Dagligen,Lmao,2qZll9Z)%L9=
Jonas,Gillar,Amanda,Ek,N)18BnC=9u%w
Bajs,E,Najs,Kiss,y!56OdWF=)3j
Poop,Is,Nice,Pee,l&sa1=G(9M3Z
Snabbe,Skolkar,Dagligen,Lmao,7m&Q/gL6/m4G
Jonas,Gillar,Amanda,Ek,y0QQ==24yrI#
Bajs,E,Najs,Kiss,GcuR3T/)5b(8
Poop,Is,Nice,Pee,B3/vKW2f1)!x
Snabbe,Skolkar,Dagligen,Lmao,iIGQq(7=6#5m
Jonas,Gillar,Amanda,Ek,(1Ul)T)D8yw9
Bajs,E,Najs,Kiss
Poop,Is,Nice,Pee
Snabbe,Skolkar,Dagligen,Lmao
Jonas,Gillar,Amanda,Ek
Bajs,E,Najs,Kiss
Poop,Is,Nice,Pee
Snabbe,Skolkar,Dagligen,Lmao
Jonas,Gillar,Amanda,Ek
Bajs,E,Najs,Kiss
Poop,Is,Nice,Pee
Snabbe,Skolkar,Dagligen,Lmao
Jonas,Gillar,Amanda,Ek
Bajs,E,Najs,Kiss
Poop,Is,Nice,Pee
Snabbe,Skolkar,Dagligen,Lmao
Jonas,Gillar,Amanda,Ek
Bajs,E,Najs,Kiss
Poop,Is,Nice,Pee
Snabbe,Skolkar,Dagligen,Lmao
Jonas,Gillar,Amanda,Ek
Bajs,E,Najs,Kiss
Poop,Is,Nice,Pee
Snabbe,Skolkar,Dagligen,Lmao
Jonas,Gillar,Amanda,Ek
Bajs,E,Najs,Kiss
Poop,Is,Nice,Pee
Snabbe,Skolkar,Dagligen,Lmao
Jonas,Gillar,Amanda,Ek
Bajs,E,Najs,Kiss
Poop,Is,Nice,Pee
Snabbe,Skolkar,Dagligen,Lmao
Jonas,Gillar,Amanda,Ek
Bajs,E,Najs,Kiss
Poop,Is,Nice,Pee
Snabbe,Skolkar,Dagligen,Lmao
Jonas,Gillar,Amanda,Ek
